<?xml version="1.0" encoding="UTF-8"?>
<project-private xmlns="http://www.netbeans.org/ns/project-private/1">
    <editor-bookmarks xmlns="http://www.netbeans.org/ns/editor-bookmarks/2" lastBookmarkId="0"/>
    <open-files xmlns="http://www.netbeans.org/ns/projectui-open-files/2">
        <group>
            <file>file:/C:/Users/brads/Documents/NetBeansProjects/ST10271221_A1/src/Question_2/Shape.java</file>
            <file>file:/C:/Users/brads/Documents/NetBeansProjects/ST10271221_A1/src/Question_2/Circle.java</file>
            <file>file:/C:/Users/brads/Documents/NetBeansProjects/ST10271221_A1/src/Question_2/Testing.java</file>
            <file>file:/C:/Users/brads/Documents/NetBeansProjects/ST10271221_A1/src/Question_2/Rectangle.java</file>
        </group>
    </open-files>
</project-private>
